symbol,ltp,bid_price,ask_price,volume,open,high,low,previous_close,change,change_percent,average_traded_price,ltq,atp,bid_quantity,ask_quantity,total_bid_quantity,total_ask_quantity,liquidity_pass,volume_liquidity_pass,depth_ltp,depth_volume,depth_atp,spread_percent,depth_available,spread_pass
NSE:ABCAPITAL-EQ,410.95,0.0,410.95,2350295,407.15,410.95,403.05,407.15,3.8,0.93,405.28,214.0,405.28,0.0,3719.0,0.0,3719.0,False,True,,,,,,
NSE:ABFRL-EQ,57.16,57.16,0.0,5139419,58.8,59.1,57.02,58.63,-1.47,-2.51,57.77,996.0,57.77,4824.0,0.0,4824.0,0.0,False,True,,,,,,
NSE:ADANIPOWER-EQ,206.99,206.99,0.0,13943707,209.0,209.69,205.02,209.0,-2.01,-0.96,206.64,1.0,206.64,18153.0,0.0,18153.0,0.0,False,True,,,,,,
NSE:AEQUS-EQ,236.76,0.0,236.76,1480520,241.0,241.0,233.01,240.73,-3.97,-1.65,236.68,54.0,236.68,0.0,36.0,0.0,36.0,False,True,,,,,,
NSE:AEROENTER-EQ,129.29,0.0,129.29,1019988,135.0,135.0,126.0,129.41,-0.12,-0.09,131.01,939.0,131.01,0.0,6611.0,0.0,6611.0,False,True,,,,,,
NSE:AEROFLEX-EQ,446.55,0.0,446.55,1802936,426.4,450.0,423.0,422.65,23.9,5.65,442.65,500.0,442.65,0.0,2692.0,0.0,2692.0,False,True,,,,,,
NSE:AFCONS-EQ,267.95,267.95,0.0,5079574,265.0,279.3,264.4,263.65,4.3,1.63,272.53,25.0,272.53,10298.0,0.0,10298.0,0.0,False,True,,,,,,
NSE:AGIIL-EQ,300.6,300.6,0.0,1184916,301.8,304.0,296.7,300.15,0.45,0.15,301.59,425.0,301.59,1904.0,0.0,1904.0,0.0,False,True,,,,,,
NSE:ALPHA-EQ,54.4,54.4,0.0,1008904,53.79,54.5,53.79,53.8,0.6,1.12,54.31,10.0,54.31,14.0,0.0,14.0,0.0,False,True,,,,,,
NSE:AMBUJACEM-EQ,421.0,421.0,0.0,5400539,426.7,426.7,418.05,424.0,-3.0,-0.71,420.78,1.0,420.78,2792.0,0.0,2792.0,0.0,False,True,,,,,,
NSE:ANGELONE-EQ,291.0,0.0,291.0,4505655,290.75,291.0,285.25,291.4,-0.4,-0.14,287.3,5.0,287.3,0.0,4736.0,0.0,4736.0,False,True,,,,,,
NSE:APOLLO-EQ,379.85,0.0,379.85,3532851,389.7,391.0,378.0,388.7,-8.85,-2.28,383.51,5.0,383.51,0.0,8154.0,0.0,8154.0,False,True,,,,,,
NSE:APTUS-EQ,254.75,0.0,254.75,1675606,258.0,258.15,253.05,256.7,-1.95,-0.76,254.94,500.0,254.94,0.0,3125.0,0.0,3125.0,False,True,,,,,,
NSE:ARDEE-EQ,67.12,67.12,0.0,130275850,72.0,73.19,65.8,0.0,0.0,0.0,69.26,10.0,69.26,74369.0,0.0,74369.0,0.0,False,True,,,,,,
NSE:ARFIN-EQ,84.74,0.0,0.0,1216860,84.15,85.56,83.91,85.08,-0.34,-0.4,84.5,88.0,84.5,0.0,0.0,0.0,0.0,False,True,,,,,,
NSE:ARIS-EQ,135.55,0.0,135.55,1436154,133.76,137.9,133.5,133.76,1.79,1.34,136.2,50.0,136.2,0.0,1336.0,0.0,1336.0,False,True,,,,,,
NSE:ASHOKA-EQ,113.9,113.9,0.0,1312834,116.45,116.5,113.0,116.99,-3.09,-2.64,113.99,518.0,113.99,782.0,0.0,782.0,0.0,False,True,,,,,,
NSE:ASHOKLEY-EQ,176.7,0.0,176.7,10612472,174.83,177.38,174.43,174.83,1.87,1.07,175.36,600.0,175.36,0.0,9996.0,0.0,9996.0,False,True,,,,,,
NSE:ASIANTILES-EQ,53.12,53.12,0.0,8536751,53.7,55.49,52.53,52.85,0.27,0.51,53.75,1.0,53.75,3200.0,0.0,3200.0,0.0,False,True,,,,,,
NSE:ATALREAL-EQ,35.34,35.34,0.0,13344621,35.09,35.82,34.9,35.02,0.32,0.91,35.2,300.0,35.2,1916.0,0.0,1916.0,0.0,False,True,,,,,,
NSE:AWL-EQ,194.24,194.24,0.0,1431527,192.86,195.0,191.3,192.86,1.38,0.72,193.44,2000.0,193.44,508.0,0.0,508.0,0.0,False,True,,,,,,
NSE:BAJAJHFL-EQ,84.76,0.0,84.76,1812989,85.6,85.62,84.62,85.18,-0.42,-0.49,84.86,358.0,84.86,0.0,44.0,0.0,44.0,False,True,,,,,,
NSE:BALUFORGE-EQ,463.0,463.0,0.0,1012793,462.0,471.0,455.0,459.0,4.0,0.87,463.79,5.0,463.79,667.0,0.0,667.0,0.0,False,True,,,,,,
NSE:BANDHANBNK-EQ,176.0,176.0,0.0,7049218,173.82,176.79,172.57,174.0,2.0,1.15,175.47,500.0,175.47,5963.0,0.0,5963.0,0.0,False,True,,,,,,
NSE:BANKBARODA-EQ,251.0,0.0,251.0,8298917,246.0,251.4,245.5,246.2,4.8,1.95,249.79,422.0,249.79,0.0,7573.0,0.0,7573.0,False,True,,,,,,
NSE:BANKINDIA-EQ,145.5,0.0,145.5,8946785,142.4,146.12,141.9,142.9,2.6,1.82,144.88,20.0,144.88,0.0,180.0,0.0,180.0,False,True,,,,,,
NSE:BECTORFOOD-EQ,242.35,0.0,242.35,2242467,241.0,243.39,233.52,240.62,1.73,0.72,238.76,205.0,238.76,0.0,1152.0,0.0,1152.0,False,True,,,,,,
NSE:BEL-EQ,405.7,405.7,0.0,13125672,406.0,406.25,399.3,405.85,-0.15,-0.04,402.61,30.0,402.61,1353.0,0.0,1353.0,0.0,False,True,,,,,,
NSE:BELRISE-EQ,261.35,261.35,0.0,9422315,255.0,268.2,253.61,253.97,7.38,2.91,261.53,368.0,261.53,11998.0,0.0,11998.0,0.0,False,True,,,,,,
NSE:BHARATCOAL-EQ,33.78,33.78,0.0,3368883,33.84,34.14,33.68,33.86,-0.08,-0.24,33.84,543.0,33.84,16198.0,0.0,16198.0,0.0,False,True,,,,,,
NSE:BHEL-EQ,420.0,420.0,0.0,14607097,404.5,420.2,403.25,403.0,17.0,4.22,412.89,30.0,412.89,200.0,0.0,200.0,0.0,False,True,,,,,,
NSE:BIOCON-EQ,427.4,427.4,0.0,3793310,427.75,430.5,422.6,426.0,1.4,0.33,427.78,16.0,427.78,263.0,0.0,263.0,0.0,False,True,,,,,,
NSE:BLKASHYAP-EQ,52.61,0.0,52.61,1038405,54.2,55.0,51.15,53.99,-1.38,-2.56,53.02,50.0,53.02,0.0,50.0,0.0,50.0,False,True,,,,,,
NSE:BLS-EQ,262.88,262.88,0.0,1254241,261.64,264.5,259.51,260.86,2.02,0.77,262.6,25.0,262.6,2212.0,0.0,2212.0,0.0,False,True,,,,,,
NSE:BPCL-EQ,317.0,0.0,317.0,6726295,317.0,318.5,311.5,317.8,-0.8,-0.25,313.92,200.0,313.92,0.0,3574.0,0.0,3574.0,False,True,,,,,,
NSE:BSLGOLDETF-EQ,134.53,0.0,0.0,2790558,136.88,136.88,133.82,133.55,0.98,0.73,134.31,91.0,134.31,0.0,0.0,0.0,0.0,False,True,,,,,,
NSE:BSOFT-EQ,313.3,0.0,313.3,1103074,320.9,321.9,312.15,320.3,-7.0,-2.19,315.33,2.0,315.33,0.0,39.0,0.0,39.0,False,True,,,,,,
NSE:CAMLINFINE-EQ,107.94,0.0,107.94,6115766,119.0,119.84,107.0,125.5,-17.56,-13.99,111.69,100.0,111.69,0.0,372.0,0.0,372.0,False,True,,,,,,
NSE:CANBK-EQ,132.0,0.0,132.0,26542679,130.0,133.11,129.6,130.3,1.7,1.3,131.88,150.0,131.88,0.0,2832.0,0.0,2832.0,False,True,,,,,,
NSE:CASTROLIND-EQ,188.38,188.38,0.0,5108944,186.5,190.45,186.11,186.82,1.56,0.84,188.38,5.0,188.38,3876.0,0.0,3876.0,0.0,False,True,,,,,,
NSE:CENTRALBK-EQ,31.28,31.28,0.0,8874627,31.23,31.66,31.0,31.19,0.09,0.29,31.35,305.0,31.35,15020.0,0.0,15020.0,0.0,False,True,,,,,,
NSE:CGCL-EQ,228.75,228.75,0.0,2592162,235.85,237.7,226.18,235.46,-6.71,-2.85,229.96,21.0,229.96,347.0,0.0,347.0,0.0,False,True,,,,,,
NSE:CMPDI-EQ,246.0,246.0,0.0,1018220,251.9,253.8,244.0,250.09,-4.09,-1.64,246.6,12.0,246.6,16.0,0.0,16.0,0.0,False,True,,,,,,
NSE:CMSINFO-EQ,255.6,0.0,255.6,1333828,263.05,264.45,253.4,266.1,-10.5,-3.95,255.73,10.0,255.73,0.0,182.0,0.0,182.0,False,True,,,,,,
NSE:COALINDIA-EQ,409.3,0.0,409.3,4089147,412.6,413.7,408.2,412.6,-3.3,-0.8,409.91,4.0,409.91,0.0,4409.0,0.0,4409.0,False,True,,,,,,
NSE:CONFIPET-EQ,73.82,0.0,73.82,4555642,78.71,78.91,72.51,78.42,-4.6,-5.87,74.8,100.0,74.8,0.0,13419.0,0.0,13419.0,False,True,,,,,,
NSE:CPSEETF-EQ,93.86,93.86,0.0,1031400,93.84,94.98,93.21,93.84,0.02,0.02,93.6,1.0,93.6,9603.0,0.0,9603.0,0.0,False,True,,,,,,
NSE:CROMPTON-EQ,247.85,247.85,0.0,1952319,246.0,248.35,241.55,245.4,2.45,1.0,244.71,1.0,244.71,679.0,0.0,679.0,0.0,False,True,,,,,,
NSE:CUB-EQ,215.85,0.0,215.85,1867608,214.0,218.6,212.38,213.69,2.16,1.01,216.65,10.0,216.65,0.0,1768.0,0.0,1768.0,False,True,,,,,,
NSE:CUPID-EQ,289.87,289.87,0.0,48203967,281.0,290.0,279.42,276.65,13.22,4.78,287.29,70.0,287.29,4600.0,0.0,4600.0,0.0,False,True,,,,,,
NSE:DABUR-EQ,411.25,0.0,411.25,1677000,412.65,413.1,405.05,412.65,-1.4,-0.34,407.56,59.0,407.56,0.0,5213.0,0.0,5213.0,False,True,,,,,,
NSE:DECNGOLD-EQ,220.35,0.0,220.35,3120188,223.09,229.0,218.6,221.31,-0.96,-0.43,224.12,125.0,224.12,0.0,15641.0,0.0,15641.0,False,True,,,,,,
NSE:DELHIVERY-EQ,470.25,0.0,470.25,6123936,475.3,475.3,466.8,473.45,-3.2,-0.68,468.4,2.0,468.4,0.0,4154.0,0.0,4154.0,False,True,,,,,,
NSE:DELTACORP-EQ,60.71,0.0,60.71,2262213,64.0,64.01,60.39,63.27,-2.56,-4.05,61.46,100.0,61.46,0.0,7896.0,0.0,7896.0,False,True,,,,,,
NSE:DEVYANI-EQ,140.21,0.0,140.21,5819096,142.1,142.1,137.0,142.79,-2.58,-1.81,139.66,6.0,139.66,0.0,20494.0,0.0,20494.0,False,True,,,,,,
NSE:DYCL-EQ,454.0,0.0,454.0,1716733,445.95,464.95,440.0,441.2,12.8,2.9,455.09,25.0,455.09,0.0,17.0,0.0,17.0,False,True,,,,,,
NSE:EDELWEISS-EQ,118.9,0.0,118.9,1403486,119.37,120.3,117.41,119.08,-0.18,-0.15,118.55,100.0,118.55,0.0,946.0,0.0,946.0,False,True,,,,,,
NSE:EIEL-EQ,203.13,203.13,0.0,2468285,212.0,212.89,200.84,213.97,-10.84,-5.07,203.9,1.0,203.9,262.0,0.0,262.0,0.0,False,True,,,,,,
NSE:ELECTCAST-EQ,73.56,73.56,0.0,1539684,73.6,74.3,71.92,73.56,0.0,0.0,73.16,126.0,73.16,2374.0,0.0,2374.0,0.0,False,True,,,,,,
NSE:ELLEN-EQ,323.8,323.8,0.0,3412223,295.0,323.8,286.7,294.4,29.4,9.99,317.4,100.0,317.4,62944.0,0.0,62944.0,0.0,False,True,,,,,,
NSE:EMBDL-EQ,61.96,61.96,0.0,3861184,65.0,65.1,61.45,64.72,-2.76,-4.26,62.66,100.0,62.66,388.0,0.0,388.0,0.0,False,True,,,,,,
NSE:EMIL-EQ,193.61,0.0,193.61,31604982,185.02,195.0,183.01,184.75,8.86,4.8,190.33,2.0,190.33,0.0,11573.0,0.0,11573.0,False,True,,,,,,
NSE:ENGINERSIN-EQ,239.2,239.2,0.0,1264836,243.35,246.8,238.0,242.99,-3.79,-1.56,241.61,100.0,241.61,746.0,0.0,746.0,0.0,False,True,,,,,,
NSE:EPACK-EQ,212.22,0.0,0.0,1222863,225.0,226.0,209.76,227.27,-15.05,-6.62,216.82,78.0,216.82,0.0,0.0,0.0,0.0,False,True,,,,,,
NSE:EPL-EQ,243.64,0.0,243.64,15355500,244.27,259.83,236.29,235.78,7.86,3.33,248.61,30.0,248.61,0.0,10066.0,0.0,10066.0,False,True,,,,,,
NSE:EQUITASBNK-EQ,74.57,0.0,74.57,1185790,74.6,74.78,73.5,74.78,-0.21,-0.28,74.26,29.0,74.26,0.0,1272.0,0.0,1272.0,False,True,,,,,,
NSE:ETERNAL-EQ,314.05,314.05,0.0,19976751,318.95,318.95,312.6,318.0,-3.95,-1.24,314.85,8.0,314.85,2687.0,0.0,2687.0,0.0,False,True,,,,,,
NSE:EXIDEIND-EQ,490.65,490.65,0.0,4593999,485.0,495.25,482.35,483.35,7.3,1.51,488.3,6.0,488.3,275.0,0.0,275.0,0.0,False,True,,,,,,
NSE:FCL-EQ,42.65,42.65,0.0,20028758,43.0,44.95,41.7,42.99,-0.34,-0.79,43.53,9345.0,43.53,32177.0,0.0,32177.0,0.0,False,True,,,,,,
NSE:FEDERALBNK-EQ,356.85,356.85,0.0,3369817,354.55,357.65,353.8,354.55,2.3,0.65,355.46,1.0,355.46,39.0,0.0,39.0,0.0,False,True,,,,,,
NSE:FILATEX-EQ,83.31,0.0,83.31,2332120,82.6,84.0,80.81,83.12,0.19,0.23,82.4,14.0,82.4,0.0,306.0,0.0,306.0,False,True,,,,,,
NSE:FMCGIETF-EQ,52.04,52.04,0.0,2412908,53.44,53.44,51.9,52.56,-0.52,-0.99,52.05,35.0,52.05,60.0,0.0,60.0,0.0,False,True,,,,,,
NSE:FSL-EQ,274.5,0.0,274.5,1861664,280.65,280.65,272.25,279.6,-5.1,-1.82,274.66,1.0,274.66,0.0,855.0,0.0,855.0,False,True,,,,,,
NSE:FUSION-EQ,203.78,203.78,0.0,1242445,213.17,215.53,200.1,212.11,-8.33,-3.93,204.37,18.0,204.37,481.0,0.0,481.0,0.0,False,True,,,,,,
NSE:GAIL-EQ,177.95,0.0,177.95,8976408,175.34,177.95,173.3,175.34,2.61,1.49,174.58,1.0,174.58,0.0,109720.0,0.0,109720.0,False,True,,,,,,
NSE:GARUDA-EQ,183.49,183.49,0.0,1066354,191.05,193.48,182.2,190.67,-7.18,-3.77,186.41,1.0,186.41,80.0,0.0,80.0,0.0,False,True,,,,,,
NSE:GATEWAY-EQ,54.9,54.9,0.0,1657544,56.1,56.38,54.77,56.3,-1.4,-2.49,55.09,200.0,55.09,1690.0,0.0,1690.0,0.0,False,True,,,,,,
NSE:GENUSPOWER-EQ,304.95,0.0,304.95,1569937,306.1,312.8,301.1,305.55,-0.6,-0.2,305.75,5.0,305.75,0.0,182.0,0.0,182.0,False,True,,,,,,
NSE:GIPCL-EQ,174.05,0.0,174.05,8115461,172.0,181.4,170.78,164.64,9.41,5.72,177.43,430.0,177.43,0.0,301.0,0.0,301.0,False,True,,,,,,
NSE:GMRAIRPORT-EQ,104.55,0.0,104.55,18618816,105.11,106.29,102.15,105.11,-0.56,-0.53,103.45,700.0,103.45,0.0,1548.0,0.0,1548.0,False,True,,,,,,
NSE:GOLD1-EQ,127.73,0.0,127.73,1649436,130.02,130.02,127.01,126.85,0.88,0.69,127.39,1.0,127.39,0.0,7.0,0.0,7.0,False,True,,,,,,
NSE:GOLDADD-EQ,148.59,0.0,0.0,2068223,147.98,148.72,147.62,147.61,0.98,0.66,148.3,101.0,148.3,0.0,0.0,0.0,0.0,False,True,,,,,,
NSE:GOLDBEES-EQ,126.45,126.45,0.0,18273875,125.83,126.54,125.76,125.52,0.93,0.74,126.19,17.0,126.19,53996.0,0.0,53996.0,0.0,False,True,,,,,,
NSE:GOLDETF-EQ,148.52,148.52,0.0,1579799,147.85,149.44,147.82,147.57,0.95,0.64,148.31,5.0,148.31,60.0,0.0,60.0,0.0,False,True,,,,,,
NSE:GOLDIETF-EQ,131.06,131.06,0.0,4669000,130.16,131.18,126.9,130.16,0.9,0.69,130.76,4.0,130.76,7.0,0.0,7.0,0.0,False,True,,,,,,
NSE:GPIL-EQ,228.99,0.0,228.99,1651494,234.18,234.95,228.31,232.18,-3.19,-1.37,230.56,25.0,230.56,0.0,84.0,0.0,84.0,False,True,,,,,,
NSE:GREAVESCOT-EQ,193.76,0.0,193.76,1212348,198.1,198.49,190.57,197.78,-4.02,-2.03,194.09,1.0,194.09,0.0,2300.0,0.0,2300.0,False,True,,,,,,
NSE:GRMOVER-EQ,91.38,0.0,0.0,1610382,94.84,96.49,90.02,94.19,-2.81,-2.98,91.83,1.0,91.83,0.0,0.0,0.0,0.0,False,True,,,,,,
NSE:GROWW-EQ,197.28,197.28,0.0,25335276,193.7,198.0,192.4,193.5,3.78,1.95,195.64,50.0,195.64,1600.0,0.0,1600.0,0.0,False,True,,,,,,
NSE:GUJENERGY-EQ,274.35,274.35,0.0,6836300,299.45,299.45,272.4,274.4,-0.05,-0.02,279.97,15.0,279.97,3398.0,0.0,3398.0,0.0,False,True,,,,,,
NSE:HDFCGOLD-EQ,130.61,130.61,0.0,3549446,131.47,131.47,129.94,129.72,0.89,0.69,130.38,1.0,130.38,1002.0,0.0,1002.0,0.0,False,True,,,,,,
NSE:HDFCSILVER-EQ,225.88,225.88,0.0,3709394,222.6,226.2,222.49,222.6,3.28,1.47,224.64,35.0,224.64,29.0,0.0,29.0,0.0,False,True,,,,,,
NSE:HDFCSML250-EQ,184.44,0.0,184.44,1346528,184.95,186.0,183.5,184.95,-0.51,-0.28,184.93,1.0,184.93,0.0,849.0,0.0,849.0,False,True,,,,,,
NSE:HFCL-EQ,221.52,0.0,221.52,28062533,215.4,223.61,215.0,214.24,7.28,3.4,220.06,100.0,220.06,0.0,12606.0,0.0,12606.0,False,True,,,,,,
NSE:HINDPETRO-EQ,390.0,390.0,0.0,10513694,392.0,393.0,385.8,390.85,-0.85,-0.22,388.9,5.0,388.9,4754.0,0.0,4754.0,0.0,False,True,,,,,,
NSE:HINDWAREAP-EQ,204.88,0.0,204.88,1369339,210.0,210.6,187.0,210.03,-5.15,-2.45,201.92,50.0,201.92,0.0,128.0,0.0,128.0,False,True,,,,,,
NSE:HITECH-EQ,77.75,77.75,0.0,3099037,84.15,84.76,77.28,84.18,-6.43,-7.64,79.33,2.0,79.33,4.0,0.0,4.0,0.0,False,True,,,,,,
NSE:HLEGLAS-EQ,326.45,0.0,326.45,2273511,351.0,366.0,321.0,379.6,-53.15,-14.0,343.07,1.0,343.07,0.0,3396.0,0.0,3396.0,False,True,,,,,,
NSE:HPAL-EQ,40.42,0.0,40.42,1285237,41.5,42.6,39.25,38.94,1.48,3.8,41.38,400.0,41.38,0.0,17988.0,0.0,17988.0,False,True,,,,,,
NSE:HUDCO-EQ,192.73,192.73,0.0,2361586,195.8,196.8,191.25,195.77,-3.04,-1.55,193.78,56.0,193.78,85.0,0.0,85.0,0.0,False,True,,,,,,
NSE:ICIL-EQ,404.35,0.0,404.35,2410797,423.0,445.15,389.45,423.2,-18.85,-4.45,413.8,1.0,413.8,0.0,530.0,0.0,530.0,False,True,,,,,,
NSE:IDBI-EQ,82.46,82.46,0.0,3078680,82.44,83.44,82.2,82.44,0.02,0.02,82.67,100.0,82.67,2647.0,0.0,2647.0,0.0,False,True,,,,,,
NSE:IDFCFIRSTB-EQ,85.8,0.0,85.8,16618607,83.61,85.8,83.61,84.27,1.53,1.82,85.06,10.0,85.06,0.0,24573.0,0.0,24573.0,False,True,,,,,,
NSE:IEX-EQ,125.95,0.0,125.95,2436267,127.0,127.19,123.9,126.0,-0.05,-0.04,125.06,2.0,125.06,0.0,5033.0,0.0,5033.0,False,True,,,,,,
NSE:IFCI-EQ,73.51,0.0,73.51,14279371,75.0,75.29,72.71,75.7,-2.19,-2.89,73.73,2190.0,73.73,0.0,8219.0,0.0,8219.0,False,True,,,,,,
NSE:INDSWFTLAB-EQ,300.0,300.0,0.0,8635452,302.9,320.5,293.0,284.68,15.32,5.38,304.88,30.0,304.88,14798.0,0.0,14798.0,0.0,False,True,,,,,,
NSE:INDUSTOWER-EQ,383.4,383.4,0.0,10079537,370.0,385.2,369.75,369.35,14.05,3.8,376.54,15.0,376.54,6209.0,0.0,6209.0,0.0,False,True,,,,,,
NSE:INOXWIND-EQ,74.0,0.0,74.0,8299658,74.27,74.84,73.55,74.4,-0.4,-0.54,74.04,54.0,74.04,0.0,11743.0,0.0,11743.0,False,True,,,,,,
NSE:IOB-EQ,33.84,0.0,0.0,3192118,34.3,34.51,33.71,34.21,-0.37,-1.08,34.14,1000.0,34.14,0.0,0.0,0.0,0.0,False,True,,,,,,
NSE:IOC-EQ,140.6,140.6,0.0,10106894,140.63,142.05,139.29,140.0,0.6,0.43,140.54,25.0,140.54,117.0,0.0,117.0,0.0,False,True,,,,,,
NSE:IOLCP-EQ,158.42,158.42,0.0,2000252,163.99,164.14,157.27,164.14,-5.72,-3.48,159.63,1.0,159.63,5.0,0.0,5.0,0.0,False,True,,,,,,
NSE:IRCON-EQ,126.18,126.18,0.0,1396832,128.14,129.38,125.77,128.14,-1.96,-1.53,126.79,1.0,126.79,963.0,0.0,963.0,0.0,False,True,,,,,,
NSE:IREDA-EQ,117.8,117.8,0.0,4344077,118.69,119.0,117.0,118.7,-0.9,-0.76,117.68,100.0,117.68,1893.0,0.0,1893.0,0.0,False,True,,,,,,
NSE:IRFC-EQ,88.26,88.26,0.0,5812334,87.91,88.35,87.49,87.91,0.35,0.4,87.9,98.0,87.9,8602.0,0.0,8602.0,0.0,False,True,,,,,,
NSE:ITBEES-EQ,34.65,34.65,0.0,13117804,35.24,35.51,34.43,35.24,-0.59,-1.67,34.71,500.0,34.71,4530.0,0.0,4530.0,0.0,False,True,,,,,,
NSE:ITC-EQ,276.15,276.15,0.0,12630816,279.0,279.55,275.4,279.0,-2.85,-1.02,277.27,20.0,277.27,11257.0,0.0,11257.0,0.0,False,True,,,,,,
NSE:ITCHOTELS-EQ,168.32,0.0,168.32,1579629,167.0,168.96,166.25,166.89,1.43,0.86,167.72,64.0,167.72,0.0,936.0,0.0,936.0,False,True,,,,,,
NSE:ITIETF-EQ,34.68,0.0,34.68,2350345,35.52,35.52,34.47,35.23,-0.55,-1.56,34.73,220.0,34.73,0.0,780.0,0.0,780.0,False,True,,,,,,
NSE:J&KBANK-EQ,157.48,0.0,157.48,1408763,157.19,157.94,155.26,156.86,0.62,0.4,156.9,50.0,156.9,0.0,8993.0,0.0,8993.0,False,True,,,,,,
NSE:JAINREC-EQ,303.0,0.0,303.0,1065167,298.95,306.0,297.0,297.75,5.25,1.76,302.62,50.0,302.62,0.0,767.0,0.0,767.0,False,True,,,,,,
NSE:JAMNAAUTO-EQ,123.76,123.76,0.0,2078458,125.4,127.62,123.3,125.51,-1.75,-1.39,125.09,2.0,125.09,1025.0,0.0,1025.0,0.0,False,True,,,,,,
NSE:JAYNECOIND-EQ,90.67,0.0,90.67,2518788,92.7,93.66,89.57,93.0,-2.33,-2.51,91.04,125.0,91.04,0.0,2869.0,0.0,2869.0,False,True,,,,,,
NSE:JINDWORLD-EQ,36.74,0.0,36.74,7686074,35.65,37.46,35.65,36.38,0.36,0.99,36.64,50.0,36.64,0.0,885.0,0.0,885.0,False,True,,,,,,
NSE:JIOFIN-EQ,256.05,0.0,256.05,13290344,252.75,256.05,249.0,252.75,3.3,1.31,252.05,3.0,252.05,0.0,10314.0,0.0,10314.0,False,True,,,,,,
NSE:JMFINANCIL-EQ,129.67,0.0,129.67,4221891,126.1,130.13,126.1,126.17,3.5,2.77,128.76,100.0,128.76,0.0,3999.0,0.0,3999.0,False,True,,,,,,
NSE:JNPR-EQ,252.9,252.9,0.0,1388456,257.0,257.9,246.14,255.91,-3.01,-1.18,252.85,10.0,252.85,1011.0,0.0,1011.0,0.0,False,True,,,,,,
NSE:JSWINFRA-EQ,346.6,346.6,0.0,8419123,341.85,355.0,339.0,341.85,4.75,1.39,349.36,32.0,349.36,998.0,0.0,998.0,0.0,False,True,,,,,,
NSE:JTLIND-EQ,75.44,75.44,0.0,1019870,76.79,77.43,75.05,76.79,-1.35,-1.76,76.07,1000.0,76.07,21.0,0.0,21.0,0.0,False,True,,,,,,
NSE:JUBLFOOD-EQ,484.7,0.0,484.7,3122764,487.0,489.0,477.25,488.2,-3.5,-0.72,481.65,105.0,481.65,0.0,95.0,0.0,95.0,False,True,,,,,,
NSE:JYOTHYLAB-EQ,200.27,0.0,200.27,3414689,203.5,203.5,190.11,204.04,-3.77,-1.85,196.18,1.0,196.18,0.0,726.0,0.0,726.0,False,True,,,,,,
NSE:KARURVYSYA-EQ,338.8,338.8,0.0,1752090,332.5,340.0,332.4,334.2,4.6,1.38,336.78,40.0,336.78,1953.0,0.0,1953.0,0.0,False,True,,,,,,
NSE:KEC-EQ,441.8,441.8,0.0,1598645,450.8,453.7,439.85,450.75,-8.95,-1.99,445.2,5.0,445.2,167.0,0.0,167.0,0.0,False,True,,,,,,
NSE:KIRIINDUS-EQ,434.45,434.45,0.0,1842255,429.95,449.45,417.05,426.7,7.75,1.82,438.02,10.0,438.02,2347.0,0.0,2347.0,0.0,False,True,,,,,,
NSE:KISSHT-EQ,292.75,0.0,292.75,1254071,295.05,298.5,289.0,295.45,-2.7,-0.91,293.6,1.0,293.6,0.0,4596.0,0.0,4596.0,False,True,,,,,,
NSE:KNACK-EQ,202.67,202.67,0.0,1201243,206.78,210.29,201.0,206.78,-4.11,-1.99,204.1,3.0,204.1,6346.0,0.0,6346.0,0.0,False,True,,,,,,
NSE:KNRCON-EQ,133.57,133.57,0.0,1269079,136.84,137.14,131.47,136.84,-3.27,-2.39,133.47,10.0,133.47,890.0,0.0,890.0,0.0,False,True,,,,,,
NSE:KOTAKBANK-EQ,390.5,0.0,390.5,10733474,391.0,394.25,387.5,392.9,-2.4,-0.61,390.34,694.0,390.34,0.0,1306.0,0.0,1306.0,False,True,,,,,,
NSE:KPIGREEN-EQ,337.2,337.2,0.0,1775887,348.0,352.75,335.1,350.9,-13.7,-3.9,342.41,17.0,342.41,39.0,0.0,39.0,0.0,False,True,,,,,,
NSE:KTKBANK-EQ,313.7,313.7,0.0,3017208,303.5,314.0,301.2,302.85,10.85,3.58,310.46,6.0,310.46,314.0,0.0,314.0,0.0,False,True,,,,,,
NSE:KWIL-EQ,36.4,0.0,36.4,33564531,34.85,36.75,34.24,34.84,1.56,4.48,35.93,677.0,35.93,0.0,77532.0,0.0,77532.0,False,True,,,,,,
NSE:LASERPOWER-EQ,281.55,0.0,281.55,1179002,289.95,289.95,279.3,289.05,-7.5,-2.59,283.4,10.0,283.4,0.0,3175.0,0.0,3175.0,False,True,,,,,,
NSE:LEMONTREE-EQ,109.16,0.0,0.0,2941490,109.5,110.5,107.89,109.36,-0.2,-0.18,108.8,10.0,108.8,0.0,0.0,0.0,0.0,False,True,,,,,,
NSE:LICI-EQ,417.0,0.0,417.0,20957554,409.0,417.0,404.7,406.0,11.0,2.71,411.56,4.0,411.56,0.0,103829.0,0.0,103829.0,False,True,,,,,,
NSE:LIQUIDCASE-EQ,115.43,0.0,115.43,14897272,115.42,115.44,115.42,115.41,0.02,0.02,115.42,866.0,115.42,0.0,499134.0,0.0,499134.0,False,True,,,,,,
NSE:LLOYDSENGG-EQ,92.41,92.41,0.0,7926085,93.75,94.25,91.0,93.04,-0.63,-0.68,92.38,50.0,92.38,28990.0,0.0,28990.0,0.0,False,True,,,,,,
NSE:LLOYDSENT-EQ,77.89,0.0,77.89,3241276,80.0,80.0,77.0,80.48,-2.59,-3.22,78.24,259.0,78.24,0.0,41.0,0.0,41.0,False,True,,,,,,
NSE:LTF-EQ,317.2,317.2,0.0,4688109,315.0,317.2,309.75,315.4,1.8,0.57,312.74,94.0,312.74,1504.0,0.0,1504.0,0.0,False,True,,,,,,
NSE:M&MFIN-EQ,395.85,0.0,0.0,4492168,398.35,410.0,392.5,398.8,-2.95,-0.74,397.05,161.0,397.05,0.0,0.0,0.0,0.0,False,True,,,,,,
NSE:MAHABANK-EQ,81.87,81.87,0.0,26570514,78.85,81.99,78.75,78.95,2.92,3.7,81.26,25.0,81.26,311.0,0.0,311.0,0.0,False,True,,,,,,
NSE:MANALIPETC-EQ,67.39,0.0,67.39,1189183,65.5,69.28,65.5,65.53,1.86,2.84,67.46,10.0,67.46,0.0,2436.0,0.0,2436.0,False,True,,,,,,
NSE:MANAPPURAM-EQ,352.6,352.6,0.0,31501308,369.95,369.95,351.0,360.0,-7.4,-2.06,358.54,20.0,358.54,29584.0,0.0,29584.0,0.0,False,True,,,,,,
NSE:MANINFRA-EQ,108.55,,,5029976,113.0,116.49,107.11,111.36,-2.81,-2.52,112.75,,,,,,,,True,,,,,False,
NSE:MARKSANS-EQ,312.6,,,47809908,280.0,320.0,277.45,278.95,33.65,12.06,310.93,,,,,,,,True,,,,,False,
NSE:MARSONS-EQ,103.16,,,1976838,102.89,104.76,100.25,102.19,0.97,0.95,102.45,,,,,,,,True,,,,,False,
NSE:MEESHO-EQ,191.89,,,8383592,190.75,194.17,190.44,190.41,1.48,0.78,192.16,,,,,,,,True,,,,,False,
NSE:MIDHANI-EQ,408.45,,,2359127,427.75,438.6,400.15,427.75,-19.3,-4.51,420.47,,,,,,,,True,,,,,False,
NSE:MMTC-EQ,64.43,,,1977239,65.8,66.2,64.01,64.98,-0.55,-0.85,65.07,,,,,,,,True,,,,,False,
NSE:MODEFENCE-EQ,105.7,,,1269680,106.23,106.31,104.58,105.17,0.53,0.5,105.33,,,,,,,,True,,,,,False,
NSE:MOIL-EQ,280.55,,,1135494,280.0,288.95,278.15,279.45,1.1,0.39,283.39,,,,,,,,True,,,,,False,
NSE:MOL-EQ,57.29,,,2268227,56.88,59.65,56.0,57.15,0.14,0.24,57.99,,,,,,,,True,,,,,False,
NSE:MOM30IETF-EQ,31.85,,,1336756,31.87,31.96,31.7,31.65,0.2,0.63,31.82,,,,,,,,True,,,,,False,
NSE:MOREPENLAB-EQ,73.46,,,13287951,77.09,77.57,72.56,76.89,-3.43,-4.46,74.98,,,,,,,,True,,,,,False,
NSE:MOTHERSON-EQ,169.5,,,15747026,170.1,171.83,168.62,169.26,0.24,0.14,169.96,,,,,,,,True,,,,,False,
NSE:MRPL-EQ,175.38,,,10085904,180.24,180.78,173.22,181.14,-5.76,-3.18,177.76,,,,,,,,True,,,,,False,
NSE:MSUMI-EQ,41.04,,,9094596,41.01,41.2,40.56,41.01,0.03,0.07,40.95,,,,,,,,True,,,,,False,
NSE:MUFIN-EQ,135.4,,,2414696,139.99,139.99,132.0,135.98,-0.58,-0.43,135.78,,,,,,,,True,,,,,False,
NSE:MUKANDLTD-EQ,135.56,,,1701821,140.01,143.8,134.39,140.61,-5.05,-3.59,139.07,,,,,,,,True,,,,,False,
NSE:NATIONALUM-EQ,420.0,,,34388331,398.5,422.2,398.5,388.0,32.0,8.25,416.63,,,,,,,,True,,,,,False,
NSE:NBCC-EQ,92.17,,,11484423,93.8,94.14,90.9,93.8,-1.63,-1.74,92.32,,,,,,,,True,,,,,False,
NSE:NCC-EQ,143.41,,,1041362,144.82,145.38,143.01,144.76,-1.35,-0.93,143.69,,,,,,,,True,,,,,False,
NSE:NHPC-EQ,76.85,,,7294107,76.65,76.85,76.0,76.95,-0.1,-0.13,76.35,,,,,,,,True,,,,,False,
NSE:NIACL-EQ,181.09,,,2560837,180.0,187.1,178.72,179.37,1.72,0.96,182.66,,,,,,,,True,,,,,False,
NSE:NIFTYBEES-EQ,278.32,,,5635248,279.93,279.93,277.0,279.13,-0.81,-0.29,277.86,,,,,,,,True,,,,,False,
NSE:NLCINDIA-EQ,276.75,,,2980168,286.95,286.95,274.5,286.05,-9.3,-3.25,279.29,,,,,,,,True,,,,,False,
NSE:NMDC-EQ,85.9,,,18266091,85.87,86.07,84.89,85.45,0.45,0.53,85.38,,,,,,,,True,,,,,False,
NSE:NSLNISP-EQ,44.0,,,2802778,44.2,44.65,43.7,44.15,-0.15,-0.34,44.13,,,,,,,,True,,,,,False,
NSE:NTPC-EQ,339.45,,,10152704,338.45,341.35,335.35,338.45,1.0,0.3,337.65,,,,,,,,True,,,,,False,
NSE:NTPCGREEN-EQ,92.46,,,1946814,93.01,93.24,91.7,93.01,-0.55,-0.59,92.22,,,,,,,,True,,,,,False,
NSE:NYKAA-EQ,328.05,,,3832007,325.9,328.05,321.6,325.0,3.05,0.94,325.52,,,,,,,,True,,,,,False,
NSE:OIL-EQ,472.0,,,2772626,471.9,475.55,466.65,470.35,1.65,0.35,471.23,,,,,,,,True,,,,,False,
NSE:OLAELEC-EQ,39.86,,,40404612,39.85,40.81,39.29,39.66,0.2,0.5,39.86,,,,,,,,True,,,,,False,
NSE:ONEPOINT-EQ,59.99,,,1859092,59.16,60.95,57.0,58.87,1.12,1.9,60.02,,,,,,,,True,,,,,False,
NSE:ONGC-EQ,239.05,,,10695237,240.0,241.33,238.65,239.45,-0.4,-0.17,239.52,,,,,,,,True,,,,,False,
NSE:PAISALO-EQ,68.75,,,5772773,68.9,69.7,68.5,69.31,-0.56,-0.81,69.24,,,,,,,,True,,,,,False,
NSE:PANAMAPET-EQ,480.55,,,11231024,555.6,599.6,456.45,545.5,-64.95,-11.91,528.04,,,,,,,,True,,,,,False,
NSE:PARACABLES-EQ,68.22,,,1708709,67.98,69.36,65.45,67.89,0.33,0.49,67.28,,,,,,,,True,,,,,False,
NSE:PARADEEP-EQ,147.18,,,3085716,152.0,152.7,146.61,151.8,-4.62,-3.04,148.92,,,,,,,,True,,,,,False,
NSE:PATANJALI-EQ,352.6,,,4146144,352.95,353.6,342.15,353.0,-0.4,-0.11,346.08,,,,,,,,True,,,,,False,
NSE:PETRONET-EQ,279.85,,,1408161,277.0,281.9,277.0,277.0,2.85,1.03,279.88,,,,,,,,True,,,,,False,
NSE:PFC-EQ,376.5,,,12028949,381.0,381.65,375.3,381.0,-4.5,-1.18,377.39,,,,,,,,True,,,,,False,
NSE:PINELABS-EQ,169.93,,,19985559,168.52,171.05,164.51,167.58,2.35,1.4,167.9,,,,,,,,True,,,,,False,
NSE:PNB-EQ,118.98,,,51235935,113.95,119.5,113.72,114.03,4.95,4.34,118.0,,,,,,,,True,,,,,False,
NSE:POWERGRID-EQ,269.45,,,6699919,267.95,270.0,266.3,267.95,1.5,0.56,268.08,,,,,,,,True,,,,,False,
NSE:PPLPHARMA-EQ,210.24,,,2720946,214.2,216.96,209.0,214.19,-3.95,-1.84,212.24,,,,,,,,True,,,,,False,
NSE:PSUBNKBEES-EQ,98.27,,,3997530,96.45,98.59,96.08,96.45,1.82,1.89,98.03,,,,,,,,True,,,,,False,
NSE:PTC-EQ,165.41,,,2677463,172.03,172.07,165.05,171.95,-6.54,-3.8,167.29,,,,,,,,True,,,,,False,
NSE:PWL-EQ,123.9,,,3295580,125.95,127.4,123.21,125.52,-1.62,-1.29,124.77,,,,,,,,True,,,,,False,
NSE:RADHIKAJWE-EQ,72.37,,,1844671,73.3,74.62,71.02,71.54,0.83,1.16,72.28,,,,,,,,True,,,,,False,
NSE:RAIN-EQ,209.38,,,6310349,203.7,211.29,200.15,202.92,6.46,3.18,207.85,,,,,,,,True,,,,,False,
NSE:RALLIS-EQ,209.41,,,1372270,212.0,212.1,207.53,211.5,-2.09,-0.99,209.13,,,,,,,,True,,,,,False,
NSE:RATNAVEER-EQ,210.01,,,4209276,207.0,216.5,206.01,206.16,3.85,1.87,210.77,,,,,,,,True,,,,,False,
NSE:RBA-EQ,93.82,,,5706033,93.0,95.35,92.32,92.65,1.17,1.26,93.78,,,,,,,,True,,,,,False,
NSE:RBLBANK-EQ,389.8,,,2289848,389.7,390.2,384.45,389.7,0.1,0.03,387.63,,,,,,,,True,,,,,False,
NSE:RECLTD-EQ,346.0,,,11330857,344.7,347.2,339.0,344.7,1.3,0.38,342.94,,,,,,,,True,,,,,False,
NSE:REDINGTON-EQ,339.4,,,3024132,355.0,356.2,338.0,354.55,-15.15,-4.27,345.92,,,,,,,,True,,,,,False,
NSE:RELIGARE-EQ,237.5,,,1145480,227.35,240.5,226.2,227.35,10.15,4.46,233.53,,,,,,,,True,,,,,False,
NSE:RHIM-EQ,385.9,,,5130721,420.0,420.0,385.0,415.55,-29.65,-7.14,396.13,,,,,,,,True,,,,,False,
NSE:RICOAUTO-EQ,127.99,,,8766179,143.0,145.44,124.92,144.19,-16.2,-11.24,132.3,,,,,,,,True,,,,,False,
NSE:ROLEXRINGS-EQ,173.01,,,14359357,177.21,177.29,170.01,177.29,-4.28,-2.41,173.79,,,,,,,,True,,,,,False,
NSE:RPPINFRA-EQ,58.78,,,1216276,60.3,60.3,58.3,58.56,0.22,0.38,58.52,,,,,,,,True,,,,,False,
NSE:RSL-EQ,155.92,,,1172456,156.0,159.0,152.8,153.31,2.61,1.7,156.16,,,,,,,,True,,,,,False,
NSE:RTNINDIA-EQ,30.26,,,2641745,30.68,31.02,30.02,30.68,-0.42,-1.37,30.45,,,,,,,,True,,,,,False,
NSE:RVNL-EQ,230.0,,,5612306,231.16,233.67,227.65,230.0,0.0,0.0,230.19,,,,,,,,True,,,,,False,
NSE:SAGILITY-EQ,43.31,,,12081362,43.02,43.5,42.69,43.02,0.29,0.67,43.1,,,,,,,,True,,,,,False,
NSE:SAIL-EQ,174.0,,,18936094,172.69,175.9,171.16,173.0,1.0,0.58,173.62,,,,,,,,True,,,,,False,
NSE:SAMMAANCAP-EQ,160.79,,,6698353,164.8,164.8,158.66,163.4,-2.61,-1.6,161.03,,,,,,,,True,,,,,False,
NSE:SAPPHIRE-EQ,231.74,,,3516974,236.98,238.89,226.7,236.02,-4.28,-1.81,233.28,,,,,,,,True,,,,,False,
NSE:SBC-EQ,40.19,,,43595847,41.49,42.06,33.56,41.51,-1.32,-3.18,38.12,,,,,,,,True,,,,,False,
NSE:SBFC-EQ,94.01,,,4553086,93.8,94.75,93.47,93.84,0.17,0.18,94.19,,,,,,,,True,,,,,False,
NSE:SBISILVER-EQ,231.39,,,1320008,227.0,231.66,227.0,227.88,3.51,1.54,230.19,,,,,,,,True,,,,,False,
NSE:SCI-EQ,298.8,,,2156081,294.0,300.95,293.35,293.95,4.85,1.65,297.9,,,,,,,,True,,,,,False,
NSE:SDBL-EQ,71.5,,,1604785,69.81,71.9,69.15,73.52,-2.02,-2.75,70.72,,,,,,,,True,,,,,False,
NSE:SENCO-EQ,345.65,,,7359766,376.0,379.45,343.0,401.25,-55.6,-13.86,357.91,,,,,,,,True,,,,,False,
NSE:SETFGOLD-EQ,130.48,,,3657812,131.74,131.74,129.74,129.56,0.92,0.71,130.26,,,,,,,,True,,,,,False,
NSE:SETL-EQ,300.05,,,1920788,301.9,307.0,286.0,297.3,2.75,0.92,298.36,,,,,,,,True,,,,,False,
NSE:SHADOWFAX-EQ,247.39,,,4161609,249.03,252.31,244.22,249.03,-1.64,-0.66,248.33,,,,,,,,True,,,,,False,
NSE:SHANTIGOLD-EQ,230.2,,,1488878,225.0,232.15,218.13,227.77,2.43,1.07,225.77,,,,,,,,True,,,,,False,
NSE:SILVER-EQ,235.69,,,1159061,229.85,236.0,229.85,232.18,3.51,1.51,234.36,,,,,,,,True,,,,,False,
NSE:SILVERBEES-EQ,225.76,,,27311475,222.83,226.16,222.42,222.32,3.44,1.55,224.26,,,,,,,,True,,,,,False,
NSE:SILVERIETF-EQ,235.61,,,4320270,232.5,236.05,232.25,232.14,3.47,1.49,234.35,,,,,,,,True,,,,,False,
NSE:SINGERIND-EQ,91.3,,,2216151,76.0,91.3,73.68,76.09,15.21,19.99,85.87,,,,,,,,True,,,,,False,
NSE:SJVN-EQ,67.11,,,1127777,67.25,67.47,66.96,67.24,-0.13,-0.19,67.16,,,,,,,,True,,,,,False,
NSE:SMALLCAP-EQ,48.55,,,1237553,48.41,48.73,48.4,48.42,0.13,0.27,48.54,,,,,,,,True,,,,,False,
NSE:SOUTHBANK-EQ,46.22,,,6627720,45.81,46.56,45.6,45.81,0.41,0.9,46.22,,,,,,,,True,,,,,False,
NSE:SURYAROSNI-EQ,224.55,,,1627671,239.5,239.5,222.15,235.83,-11.28,-4.78,227.9,,,,,,,,True,,,,,False,
NSE:SUZLON-EQ,47.35,,,41760811,47.49,47.49,46.9,47.5,-0.15,-0.32,47.13,,,,,,,,True,,,,,False,
NSE:SWANCORP-EQ,307.7,,,1125207,313.0,313.0,306.1,311.25,-3.55,-1.14,308.15,,,,,,,,True,,,,,False,
NSE:SWIGGY-EQ,279.35,,,6996952,282.0,282.0,276.0,280.5,-1.15,-0.41,278.29,,,,,,,,True,,,,,False,
NSE:TARSONS-EQ,312.8,,,1619130,300.2,328.9,291.0,297.2,15.6,5.25,318.76,,,,,,,,True,,,,,False,
NSE:TATACAP-EQ,367.05,,,1040104,367.2,370.5,364.8,367.2,-0.15,-0.04,367.67,,,,,,,,True,,,,,False,
NSE:TATAPOWER-EQ,379.45,,,4430571,378.6,380.0,374.1,380.0,-0.55,-0.14,377.02,,,,,,,,True,,,,,False,
NSE:TATASTEEL-EQ,186.2,,,36484049,188.35,188.88,183.6,188.25,-2.05,-1.09,185.44,,,,,,,,True,,,,,False,
NSE:TBZ-EQ,236.9,,,4748902,270.7,271.0,232.5,282.05,-45.15,-16.01,248.52,,,,,,,,True,,,,,False,
NSE:TECH-EQ,34.15,,,5122842,34.72,34.86,33.98,34.82,-0.67,-1.92,34.01,,,,,,,,True,,,,,False,
NSE:TEMBO-EQ,61.25,,,3117022,64.0,64.4,60.0,61.7,-0.45,-0.73,63.03,,,,,,,,True,,,,,False,
NSE:TFCILTD-EQ,115.13,,,8796573,116.0,116.0,114.05,115.6,-0.47,-0.41,115.27,,,,,,,,True,,,,,False,
NSE:THOMASCOOK-EQ,107.08,,,1269201,110.35,110.35,106.49,109.43,-2.35,-2.15,107.33,,,,,,,,True,,,,,False,
NSE:TIMETECHNO-EQ,208.56,,,3032023,206.75,210.9,206.35,207.28,1.28,0.62,208.75,,,,,,,,True,,,,,False,
NSE:TMCV-EQ,457.05,,,8148968,451.0,459.5,448.3,450.05,7.0,1.56,454.36,,,,,,,,True,,,,,False,
NSE:TMPV-EQ,343.0,,,22384343,348.4,351.25,334.2,347.6,-4.6,-1.32,340.05,,,,,,,,True,,,,,False,
NSE:TNPETRO-EQ,106.77,,,5595159,114.0,120.89,105.11,103.77,3.0,2.89,112.01,,,,,,,,True,,,,,False,
NSE:TTML-EQ,38.17,,,1103045,38.75,38.81,38.0,38.81,-0.64,-1.65,38.35,,,,,,,,True,,,,,False,
NSE:TURTLEMINT-EQ,132.31,,,2035339,127.16,138.0,125.0,125.88,6.43,5.11,131.7,,,,,,,,True,,,,,False,
NSE:TVSSCS-EQ,129.03,,,3139526,126.95,137.0,126.74,126.11,2.92,2.32,132.1,,,,,,,,True,,,,,False,
NSE:UJJIVANSFB-EQ,72.38,,,18062565,70.39,72.68,70.23,70.14,2.24,3.19,71.93,,,,,,,,True,,,,,False,
NSE:UNIECOM-EQ,92.08,,,3575930,84.62,93.4,83.6,84.2,7.88,9.36,90.52,,,,,,,,True,,,,,False,
NSE:UNIONBANK-EQ,187.0,,,22005359,182.5,187.6,181.82,182.5,4.5,2.47,186.01,,,,,,,,True,,,,,False,
NSE:URBANCO-EQ,139.05,,,1683235,139.01,141.28,137.39,139.75,-0.7,-0.5,138.89,,,,,,,,True,,,,,False,
NSE:VAML-EQ,461.45,,,10276140,464.65,476.95,460.1,463.5,-2.05,-0.44,467.95,,,,,,,,True,,,,,False,
NSE:VASCONEQ-EQ,31.26,,,1350368,32.4,32.45,29.53,32.03,-0.77,-2.4,30.98,,,,,,,,True,,,,,False,
NSE:VBL-EQ,440.5,,,1837489,439.15,440.5,434.0,437.0,3.5,0.8,436.4,,,,,,,,True,,,,,False,
NSE:VEDL-EQ,275.8,,,10568708,276.25,281.0,273.0,275.0,0.8,0.29,276.02,,,,,,,,True,,,,,False,
NSE:VEDPOWER-EQ,36.75,,,22883820,36.5,37.15,36.36,36.61,0.14,0.38,36.71,,,,,,,,True,,,,,False,
NSE:VGUARD-EQ,331.75,,,1980024,323.8,336.7,321.9,324.3,7.45,2.3,332.42,,,,,,,,True,,,,,False,
NSE:VIDYAWIRES-EQ,92.81,,,1171868,97.8,97.8,92.81,97.69,-4.88,-5.0,93.64,,,,,,,,True,,,,,False,
NSE:VIKRAMSOLR-EQ,159.58,,,1311248,161.86,161.86,158.44,160.61,-1.03,-0.64,159.42,,,,,,,,True,,,,,False,
NSE:VIKRAN-EQ,66.12,,,7668032,67.0,68.88,65.5,73.64,-7.52,-10.21,67.47,,,,,,,,True,,,,,False,
NSE:VINCOFE-EQ,146.42,,,1172226,148.82,150.2,146.0,149.0,-2.58,-1.73,148.07,,,,,,,,True,,,,,False,
NSE:VISL-EQ,39.08,,,65157004,38.8,40.7,38.55,38.81,0.27,0.7,39.58,,,,,,,,True,,,,,False,
NSE:VIYASH-EQ,262.75,,,2076289,262.7,267.8,258.55,261.45,1.3,0.5,262.27,,,,,,,,True,,,,,False,
NSE:VMM-EQ,108.0,,,11426190,111.0,111.0,105.45,110.25,-2.25,-2.04,107.35,,,,,,,,True,,,,,False,
NSE:VOGL-EQ,38.4,,,71829639,39.7,40.26,38.0,39.67,-1.27,-3.2,38.88,,,,,,,,True,,,,,False,
NSE:VPRPL-EQ,37.25,,,2270413,40.31,40.4,35.55,40.69,-3.44,-8.45,37.1,,,,,,,,True,,,,,False,
NSE:WALCHANNAG-EQ,232.26,,,1300831,237.4,242.0,229.4,232.8,-0.54,-0.23,236.31,,,,,,,,True,,,,,False,
NSE:WANBURY-EQ,262.75,,,2576174,243.5,271.95,230.0,254.3,8.45,3.32,251.29,,,,,,,,True,,,,,False,
NSE:WEBELSOLAR-EQ,85.29,,,4071727,85.29,87.8,85.29,89.77,-4.48,-4.99,85.66,,,,,,,,True,,,,,False,
NSE:WEL-EQ,135.04,,,1436570,134.5,139.6,131.5,134.5,0.54,0.4,136.32,,,,,,,,True,,,,,False,
NSE:WELSPUNLIV-EQ,165.23,,,2292744,159.99,165.8,159.26,159.66,5.57,3.49,163.17,,,,,,,,True,,,,,False,
NSE:WIPRO-EQ,183.94,,,8624548,184.51,185.0,181.91,184.6,-0.66,-0.36,183.05,,,,,,,,True,,,,,False,
NSE:YATRA-EQ,118.99,,,8462912,115.0,120.4,113.15,114.31,4.68,4.09,118.29,,,,,,,,True,,,,,False,
NSE:ZEEL-EQ,97.52,,,45453756,92.5,98.85,90.26,91.56,5.96,6.51,95.16,,,,,,,,True,,,,,False,
